1,ando,カメラ,一眼レフ,0,一眼レフです。,1,245000,2021/04/02 19:51:25,一眼レフ1.jpg,0
1,ando,カメラ,ミラーレス,1,ミラーレスです。,2,26000,2021/04/03 19:51:25,ミラーレス2.jpg,0
1,ando,カメラ,デジカメ,2,デジカメです。,3,5000,2021/04/04 19:51:25,デジカメ3.jpg,0
1,ando,カメラ,トイカメラ,3,トイカメラです。,4,4400,2021/04/05 19:51:25,トイカメラ4.jpg,0
1,ando,カメラ,フィルムカメラ,4,フィルムカメラです。,5,500,2021/04/06 19:51:25,フィルムカメラ1.jpg,0
1,ando,カメラ,一眼レフ,5,一眼レフです。,6,250000,2021/04/07 19:51:25,一眼レフ2.jpg,0
1,ando,カメラ,ミラーレス,0,ミラーレスです。,7,20000,2021/04/08 19:51:25,ミラーレス3.jpg,0
1,ando,カメラ,デジカメ,1,デジカメです。,8,5000,2021/04/09 19:51:25,デジカメ4.jpg,0
1,ando,カメラ,トイカメラ,2,トイカメラです。,9,4400,2021/04/10 19:51:25,トイカメラ1.jpg,0
1,ando,カメラ,フィルムカメラ,3,フィルムカメラです。,10,500,2021/04/11 19:51:25,フィルムカメラ2.jpg,0
1,ando,カメラ,一眼レフ,4,一眼レフです。,11,180000,2021/04/12 19:51:25,一眼レフ3.jpg,0
1,ando,カメラ,ミラーレス,5,ミラーレスです。,12,10000,2021/04/13 19:51:25,ミラーレス4.jpg,0
1,ando,カメラ,デジカメ,0,デジカメです。,13,5000,2021/04/14 19:51:25,デジカメ1.jpg,0
1,ando,カメラ,トイカメラ,1,トイカメラです。,14,4400,2021/04/15 19:51:25,トイカメラ2.jpg,0
1,ando,カメラ,フィルムカメラ,2,フィルムカメラです。,15,800,2021/04/16 19:51:25,フィルムカメラ3.jpg,0
1,ando,カメラ,一眼レフ,3,一眼レフです。,16,245000,2021/04/17 19:51:25,一眼レフ4.jpg,0
1,ando,カメラ,ミラーレス,4,ミラーレスです。,17,26000,2021/04/18 19:51:25,ミラーレス1.jpg,0
1,ando,カメラ,デジカメ,5,デジカメです。,18,2500,2021/04/19 19:51:25,デジカメ2.jpg,0
1,ando,カメラ,トイカメラ,0,トイカメラです。,19,2900,2021/04/20 19:51:25,トイカメラ3.jpg,0
1,ando,カメラ,フィルムカメラ,1,フィルムカメラです。,20,500,2021/04/21 19:51:25,フィルムカメラ4.jpg,0
2,sato,本,ハリポタ賢者の石,2,ハリポタ賢者の石です。,21,1200,2021/04/22 19:51:25,ハリポタ賢者の石1.jpg,0
2,sato,本,陽だまりの彼女,3,陽だまりの彼女です。,22,1000,2021/04/23 19:51:25,陽だまりの彼女2.jpg,0
2,sato,本,植物図鑑,4,植物図鑑です。,23,800,2021/04/24 19:51:25,植物図鑑3.jpg,0
2,sato,本,夜のピクニック,5,夜のピクニックです。,24,500,2021/04/25 19:51:25,夜のピクニック4.jpg,0
2,sato,本,告白,0,告白です。,25,3000,2021/04/26 19:51:25,告白1.jpg,0
2,sato,本,ハリポタ賢者の石,1,ハリポタ賢者の石です。,26,2230,2021/04/27 19:51:25,ハリポタ賢者の石2.jpg,0
2,sato,本,陽だまりの彼女,2,陽だまりの彼女です。,27,2540,2021/04/28 19:51:25,陽だまりの彼女3.jpg,0
2,sato,本,植物図鑑,3,植物図鑑です。,28,2850,2021/04/29 19:51:25,植物図鑑4.jpg,0
2,sato,本,夜のピクニック,4,夜のピクニックです。,29,3160,2021/04/30 19:51:25,夜のピクニック1.jpg,0
2,sato,本,告白,5,告白です。,30,3470,2021/05/01 19:51:25,告白2.jpg,0
2,sato,本,ハリポタ賢者の石,0,ハリポタ賢者の石です。,31,3780,2021/05/02 19:51:25,ハリポタ賢者の石3.jpg,0
2,sato,本,陽だまりの彼女,1,陽だまりの彼女です。,32,4090,2021/05/03 19:51:25,陽だまりの彼女4.jpg,0
2,sato,本,植物図鑑,2,植物図鑑です。,33,4400,2021/05/04 19:51:25,植物図鑑1.jpg,0
2,sato,本,夜のピクニック,3,夜のピクニックです。,34,4710,2021/05/05 19:51:25,夜のピクニック2.jpg,0
2,sato,本,告白,4,告白です。,35,5020,2021/05/06 19:51:25,告白3.jpg,0
2,sato,本,ハリポタ賢者の石,5,ハリポタ賢者の石です。,36,5330,2021/05/07 19:51:25,ハリポタ賢者の石4.jpg,0
2,sato,本,陽だまりの彼女,0,陽だまりの彼女です。,37,5640,2021/05/08 19:51:25,陽だまりの彼女1.jpg,0
2,sato,本,植物図鑑,1,植物図鑑です。,38,5950,2021/05/09 19:51:25,植物図鑑2.jpg,0
2,sato,本,夜のピクニック,2,夜のピクニックです。,39,6260,2021/05/10 19:51:25,夜のピクニック3.jpg,0
2,sato,本,告白,3,告白です。,40,6570,2021/05/11 19:51:25,告白4.jpg,0
3,takoi,レディース,ワンピース,4,ワンピースです。,41,2000,2021/05/12 19:51:25,ワンピース1.jpg,0
3,takoi,レディース,カーゴパンツ,5,カーゴパンツです。,42,3000,2021/05/13 19:51:25,カーゴパンツ2.jpg,0
3,takoi,レディース,ダウンジャケット,0,ダウンジャケットです。,43,10000,2021/05/14 19:51:25,ダウンジャケット3.jpg,0
3,takoi,レディース,黒いキャップ,1,黒いキャップです。,44,1500,2021/05/15 19:51:25,黒いキャップ4.jpg,0
3,takoi,レディース,エアフォースワン,2,エアフォースワンです。,45,9000,2021/05/16 19:51:25,エアフォースワン1.jpg,0
3,takoi,レディース,ワンピース,3,ワンピースです。,46,8850,2021/05/17 19:51:25,ワンピース2.jpg,0
3,takoi,レディース,カーゴパンツ,4,カーゴパンツです。,47,10100,2021/05/18 19:51:25,カーゴパンツ3.jpg,0
3,takoi,レディース,ダウンジャケット,5,ダウンジャケットです。,48,11350,2021/05/19 19:51:25,ダウンジャケット4.jpg,0
3,takoi,レディース,黒いキャップ,0,黒いキャップです。,49,12600,2021/05/20 19:51:25,黒いキャップ1.jpg,0
3,takoi,レディース,エアフォースワン,1,エアフォースワンです。,50,13850,2021/05/21 19:51:25,エアフォースワン2.jpg,0
3,takoi,レディース,ワンピース,2,ワンピースです。,51,2000,2021/05/22 19:51:25,ワンピース3.jpg,0
3,takoi,レディース,カーゴパンツ,3,カーゴパンツです。,52,3000,2021/05/23 19:51:25,カーゴパンツ4.jpg,0
3,takoi,レディース,ダウンジャケット,4,ダウンジャケットです。,53,10000,2021/05/24 19:51:25,ダウンジャケット1.jpg,0
3,takoi,レディース,黒いキャップ,5,黒いキャップです。,54,1500,2021/05/25 19:51:25,黒いキャップ2.jpg,0
3,takoi,レディース,エアフォースワン,0,エアフォースワンです。,55,9000,2021/05/26 19:51:25,エアフォースワン3.jpg,0
3,takoi,レディース,ワンピース,1,ワンピースです。,56,2000,2021/05/27 19:51:25,ワンピース4.jpg,0
3,takoi,レディース,カーゴパンツ,2,カーゴパンツです。,57,3000,2021/05/28 19:51:25,カーゴパンツ1.jpg,0
3,takoi,レディース,ダウンジャケット,3,ダウンジャケットです。,58,10000,2021/05/29 19:51:25,ダウンジャケット2.jpg,0
3,takoi,レディース,黒いキャップ,4,黒いキャップです。,59,1500,2021/05/30 19:51:25,黒いキャップ3.jpg,0
3,takoi,レディース,エアフォースワン,5,エアフォースワンです。,60,9000,2021/05/31 19:51:25,エアフォースワン4.jpg,0
3,takoi,スポーツ,サッカーボール,0,サッカーボールです。,61,3000,2021/06/01 19:51:25,サッカーボール1.jpg,0
3,takoi,スポーツ,テニスラケット,1,テニスラケットです。,62,10000,2021/06/02 19:51:25,テニスラケット2.jpg,0
3,takoi,スポーツ,卓球ラケット,2,卓球ラケットです。,63,2000,2021/06/03 19:51:25,卓球ラケット3.jpg,0
3,takoi,スポーツ,グローブ,3,グローブです。,64,3000,2021/06/04 19:51:25,グローブ4.jpg,0
3,takoi,スポーツ,バット,4,バットです。,65,2000,2021/06/05 19:51:25,バット1.jpg,0
3,takoi,スポーツ,サッカーボール,5,サッカーボールです。,66,3430,2021/06/06 19:51:25,サッカーボール2.jpg,0
3,takoi,スポーツ,テニスラケット,0,テニスラケットです。,67,2550,2021/06/07 19:51:25,テニスラケット3.jpg,0
3,takoi,スポーツ,卓球ラケット,1,卓球ラケットです。,68,2000,2021/06/08 19:51:25,卓球ラケット4.jpg,0
3,takoi,スポーツ,グローブ,2,グローブです。,69,2161,2021/06/09 19:51:25,グローブ1.jpg,0
3,takoi,スポーツ,バット,3,バットです。,70,2016,2021/06/10 19:51:25,バット2.jpg,0
3,takoi,スポーツ,サッカーボール,4,サッカーボールです。,71,1871,2021/06/11 19:51:25,サッカーボール3.jpg,0
3,takoi,スポーツ,テニスラケット,5,テニスラケットです。,72,1726,2021/06/12 19:51:25,テニスラケット4.jpg,0
3,takoi,スポーツ,卓球ラケット,1,卓球ラケットです。,73,3000,2021/06/13 19:51:25,卓球ラケット1.jpg,0
3,takoi,スポーツ,グローブ,2,グローブです。,74,2000,2021/06/14 19:51:25,グローブ2.jpg,0
3,takoi,スポーツ,バット,3,バットです。,75,3430,2021/06/15 19:51:25,バット3.jpg,0
3,takoi,スポーツ,サッカーボール,4,サッカーボールです。,76,2550,2021/06/16 19:51:25,サッカーボール4.jpg,0
3,takoi,スポーツ,テニスラケット,5,テニスラケットです。,77,3000,2021/06/17 19:51:25,テニスラケット1.jpg,0
3,takoi,スポーツ,卓球ラケット,0,卓球ラケットです。,78,2000,2021/06/18 19:51:25,卓球ラケット2.jpg,0
3,takoi,スポーツ,グローブ,1,グローブです。,79,3430,2021/06/19 19:51:25,グローブ3.jpg,0
3,takoi,スポーツ,バット,2,バットです。,80,2550,2021/06/20 19:51:25,バット4.jpg,0